Title,Artist,Genre,Key,Difficulty,Year,Chords
Bohemian Rhapsody,Queen,Classic Rock,Bb,Advanced,1975,Bb:Gm:Eb:F:Cm:Ab:Db
Stairway to Heaven,Led Zeppelin,Classic Rock,Am,Advanced,1971,Am:G:F:C:D:Em:Fmaj7
Hotel California,Eagles,Classic Rock,Bm,Intermediate,1976,Bm:F#:A:E:G:D:Em
Sweet Child o Mine,Guns N Roses,Hard Rock,D,Advanced,1987,D:C:G:Am
Back in Black,ACDC,Hard Rock,Em,Intermediate,1980,Em:D:A:E
Highway to Hell,ACDC,Hard Rock,A,Intermediate,1979,A:D:G
Thunderstruck,ACDC,Hard Rock,B,Advanced,1990,B:A:E:D
Dream On,Aerosmith,Hard Rock,Fm,Advanced,1973,Fm:C:Db:Ab:Eb:Bb
Walk This Way,Aerosmith,Hard Rock,E,Intermediate,1975,E:A:D:B
Imagine,John Lennon,Pop,C,Beginner,1971,C:Cmaj7:F:Am:Dm:G
Let It Be,The Beatles,Pop,C,Beginner,1970,C:G:Am:F:Em:Dm
Hey Jude,The Beatles,Classic Rock,F,Beginner,1968,F:C:Bb:Eb
Come Together,The Beatles,Classic Rock,Dm,Intermediate,1969,Dm:A:G:Bm
Something,The Beatles,Classic Rock,C,Intermediate,1969,C:Cmaj7:F:D:G:Am
Billie Jean,Michael Jackson,Pop,F#m,Intermediate,1983,F#m:B:C#m:E
Beat It,Michael Jackson,Pop,Em,Intermediate,1982,Em:D:C:B
Purple Rain,Prince,Pop,Bb,Intermediate,1984,Bb:Eb:F:Gm:Cm
With or Without You,U2,Pop,D,Beginner,1987,D:A:Bm:G
One,U2,Pop,Am,Intermediate,1991,Am:Dsus2:Fmaj7:C:G:Em
Wonderwall,Oasis,Indie,F#m,Beginner,1995,Em7:G:Dsus4:A7sus4:Cadd9
Dont Look Back in Anger,Oasis,Indie,C,Beginner,1996,C:G:Am:E:F:Fm
Creep,Radiohead,Indie,G,Beginner,1992,G:B:C:Cm
Karma Police,Radiohead,Indie,Am,Intermediate,1997,Am:Em:G:D:F:C:Bm:E
Smells Like Teen Spirit,Nirvana,Hard Rock,Fm,Intermediate,1991,F:Bb:Ab:Db
Come As You Are,Nirvana,Hard Rock,Em,Intermediate,1991,Em:Am:C:G:D
Enter Sandman,Metallica,Metal,Em,Intermediate,1991,Em:G:F#:E
Master of Puppets,Metallica,Metal,Em,Advanced,1986,Em:F:C:Eb:D:B
Nothing Else Matters,Metallica,Metal,Em,Intermediate,1992,Em:Am:C:D:G:B
Paranoid,Black Sabbath,Metal,Em,Intermediate,1970,Em:D:C:Eb
Iron Man,Black Sabbath,Metal,Bm,Intermediate,1970,Bm:D:E:G:A
Crazy Train,Ozzy Osbourne,Metal,F#m,Advanced,1980,F#m:A:E:D:B
Run to the Hills,Iron Maiden,Metal,Em,Advanced,1982,Em:D:A:G:C:B
The Trooper,Iron Maiden,Metal,Em,Advanced,1983,Em:D:A:G:B
Breaking the Law,Judas Priest,Metal,Am,Intermediate,1980,Am:G:F:E
Ace of Spades,Motorhead,Metal,Em,Advanced,1980,Em:A:G:D:C
Take Me Home Country Roads,John Denver,Country,A,Beginner,1971,A:E:D:Bm:G
Ring of Fire,Johnny Cash,Country,G,Beginner,1963,G:C:D
Folsom Prison Blues,Johnny Cash,Country,E,Beginner,1955,E:A:B7
Jolene,Dolly Parton,Country,C#m,Intermediate,1973,C#m:E:B:A
The Gambler,Kenny Rogers,Country,C,Beginner,1978,C:F:G
Friends in Low Places,Garth Brooks,Country,A,Beginner,1990,A:Bm:E:D
On the Road Again,Willie Nelson,Country,E,Beginner,1980,E:A:B7
Take Five,Dave Brubeck,Jazz,Ebm,Advanced,1959,Ebm:Bbm:Gb:Db:Ab
So What,Miles Davis,Jazz,Dm,Advanced,1959,Dm:Ebm
Autumn Leaves,Cannonball Adderley,Jazz,Gm,Intermediate,1958,Gm:Cm:F:Bb:Eb:Am:D
Fly Me to the Moon,Frank Sinatra,Jazz,C,Intermediate,1964,Am:Dm:G7:Cmaj7:Fmaj7:E7
What a Wonderful World,Louis Armstrong,Jazz,F,Beginner,1967,F:Gm:Am:Bb:C7:Dm
Georgia on My Mind,Ray Charles,Jazz,F,Intermediate,1960,F:A7:Dm:Gm:C7:Bb:Bbm
Respect,Aretha Franklin,R&B,C,Intermediate,1967,C:F:G:Bb
Superstition,Stevie Wonder,R&B,Ebm,Intermediate,1972,Ebm:Ab:Gb:Db
I Heard It Through the Grapevine,Marvin Gaye,R&B,Ebm,Intermediate,1968,Ebm:B:Bbm:Ab:Db
Aint No Sunshine,Bill Withers,R&B,Am,Beginner,1971,Am:Em:G:Dm
Lets Stay Together,Al Green,R&B,Fm,Intermediate,1971,Fm:Bb:Eb:Ab:Db
My Girl,The Temptations,R&B,C,Beginner,1964,C:F:G:Dm:Am
Every Breath You Take,The Police,Pop,A,Beginner,1983,A:F#m:D:E:G
Africa,Toto,Pop,B,Intermediate,1982,C#m:B:A:E:F#m:G#m
September,Earth Wind and Fire,R&B,A,Intermediate,1978,A:D:E:Bm:G
Shape of You,Ed Sheeran,Pop,C#m,Beginner,2017,C#m:F#m:A:B
Rolling in the Deep,Adele,Pop,Cm,Intermediate,2010,Cm:Eb:G:Ab:Bb:Fm
Blinding Lights,The Weeknd,Pop,Fm,Intermediate,2019,Fm:Ab:Eb:Bb:Cm:Db
Seven Nation Army,The White Stripes,Indie,Em,Beginner,2003,E:G:A:C:B
Mr Brightside,The Killers,Indie,D,Intermediate,2003,D:A:Bm:G:F#m:E
Use Somebody,Kings of Leon,Indie,C,Intermediate,2008,C:G:Am:F
Clocks,Coldplay,Indie,Eb,Intermediate,2002,Eb:Bb:Fm:Ab:Cm
Yellow,Coldplay,Indie,B,Beginner,2000,B:F#:Abm:E:C#m
The Scientist,Coldplay,Indie,F,Beginner,2002,Dm:Bb:F:C
Boulevard of Broken Dreams,Green Day,Indie,Fm,Intermediate,2004,Fm:Ab:Eb:Bb:Db:C
American Idiot,Green Day,Indie,Ab,Intermediate,2004,Ab:Db:Eb:Gb
Eye of the Tiger,Survivor,Hard Rock,Cm,Intermediate,1982,Cm:Bb:Ab:G
Carry On Wayward Son,Kansas,Classic Rock,Am,Advanced,1976,Am:G:F:C:D:Bb
More Than a Feeling,Boston,Classic Rock,D,Advanced,1976,D:Dsus4:C:G:Bm:Am:Em
Sweet Home Alabama,Lynyrd Skynyrd,Classic Rock,G,Beginner,1974,D:C:G
Sultans of Swing,Dire Straits,Classic Rock,Dm,Advanced,1978,Dm:C:Bb:A:F
Money for Nothing,Dire Straits,Classic Rock,Gm,Advanced,1985,Gm:Bb:C:F:Eb
Free Fallin,Tom Petty,Classic Rock,F,Beginner,1989,F:Bb:Fsus2:Csus2
Brown Eyed Girl,Van Morrison,Classic Rock,G,Beginner,1967,G:C:D:Em
Dont Stop Believin,Journey,Classic Rock,E,Intermediate,1981,E:B:C#m:A:G#m
Black Dog,Led Zeppelin,Classic Rock,A,Advanced,1971,A:D:E:G
Whole Lotta Love,Led Zeppelin,Classic Rock,E,Advanced,1969,E:D:A
Comfortably Numb,Pink Floyd,Classic Rock,Bm,Advanced,1979,Bm:A:G:Em:C:D:B
Wish You Were Here,Pink Floyd,Classic Rock,G,Beginner,1975,G:C:D:Am:Em
Another Brick in the Wall Part 2,Pink Floyd,Classic Rock,Dm,Intermediate,1979,Dm:G:Am:C
Paint It Black,The Rolling Stones,Classic Rock,Em,Intermediate,1966,Em:B7:G:D:Am:C
Gimme Shelter,The Rolling Stones,Classic Rock,C#m,Intermediate,1969,C#m:E:A:B
Sympathy for the Devil,The Rolling Stones,Classic Rock,E,Intermediate,1968,E:B:D:A
Space Oddity,David Bowie,Classic Rock,C,Intermediate,1969,C:Em:Am:F:Fm:G:E7
Heroes,David Bowie,Pop,D,Intermediate,1977,D:G:A:C:Bm:Em
Rhiannon,Fleetwood Mac,Classic Rock,Am,Intermediate,1975,Am:F:C:G:Dm:Em
The Chain,Fleetwood Mac,Classic Rock,Em,Advanced,1977,Em:Am:D:F:C:G:Bm
No Woman No Cry,Bob Marley,Pop,C,Beginner,1974,C:G:Am:F
Three Little Birds,Bob Marley,Pop,A,Beginner,1977,A:D:E
Hallelujah,Jeff Buckley,Indie,C,Intermediate,1994,C:Am:F:G:Em
Ho Hey,The Lumineers,Indie,C,Beginner,2012,C:F:Am:G
Let Her Go,Passenger,Indie,G,Beginner,2012,G:Dsus4:Em:C:D
Bad Moon Rising,Creedence Clearwater Revival,Classic Rock,D,Beginner,1969,D:A:G
Fortunate Son,Creedence Clearwater Revival,Classic Rock,G,Intermediate,1969,G:C:D:Em:A
Born to Run,Bruce Springsteen,Classic Rock,E,Intermediate,1975,E:A:B:C#m:G#m
The Boys Are Back in Town,Thin Lizzy,Hard Rock,A,Advanced,1976,A:D:G:E:F#m:Bm:C#m
Sharp Dressed Man,ZZ Top,Hard Rock,C,Intermediate,1983,C:Bb:F:G:Ab:Eb
La Grange,ZZ Top,Hard Rock,Am,Advanced,1973,Am:G:F:E
Message in a Bottle,The Police,Pop,C#m,Advanced,1979,C#m:A:B:F#m
Roxanne,The Police,Pop,Gm,Intermediate,1978,Gm:Dm:F:C:Bb:Eb:Cm
Under Pressure,Queen,Classic Rock,D,Intermediate,1981,D:G:A:Bm:F#m:Em
We Will Rock You,Queen,Classic Rock,Em,Beginner,1977,E:A:C:G
We Are the Champions,Queen,Classic Rock,Cm,Intermediate,1977,Cm:Fm:G:Bb:Eb:Ab
Time,Pink Floyd,Classic Rock,F#m,Advanced,1973,F#m:A:E:D:Bm:C#m:B
Money,Pink Floyd,Classic Rock,Bm,Advanced,1973,Bm:E7:A:D:G:C#m
The Final Countdown,Europe,Hard Rock,F#m,Intermediate,1986,F#m:D:E:A:B:C#m
Livin on a Prayer,Bon Jovi,Hard Rock,Em,Intermediate,1986,Em:C:D:G:A
Wanted Dead or Alive,Bon Jovi,Hard Rock,Dm,Intermediate,1986,Dm:C:Bb:F:Am:G
Knockin on Heavens Door,Bob Dylan,Classic Rock,G,Beginner,1973,G:D:Am:C
Layla,Eric Clapton,Classic Rock,Dm,Advanced,1970,Dm:Bb:C:F:G:E:Am
Tears in Heaven,Eric Clapton,Classic Rock,A,Intermediate,1992,A:E:F#m:C#m:D:G:Bm
Wonderful Tonight,Eric Clapton,Classic Rock,G,Beginner,1977,G:D:C:Em
Hotel Yorba,The White Stripes,Indie,E,Beginner,2001,E:A:B
Sex on Fire,Kings of Leon,Indie,E,Intermediate,2008,E:B:C#m:A:G#m
Radioactive,Imagine Dragons,Indie,Bm,Beginner,2012,Bm:G:D:A
Counting Stars,OneRepublic,Pop,C#m,Beginner,2013,C#m:A:E:B
Viva La Vida,Coldplay,Pop,Ab,Beginner,2008,Ab:Bb:Cm:Eb:Fm:Db
Skyfall,Adele,Pop,Cm,Intermediate,2012,Cm:Gm:Ab:Bb:Eb:Fm:G
Stayin Alive,Bee Gees,Pop,Fm,Intermediate,1977,Fm:Bb:Eb:Ab:Db:C
I Want It That Way,Backstreet Boys,Pop,F#m,Beginner,1999,F#m:A:E:D:B
Man in the Mirror,Michael Jackson,Pop,G,Intermediate,1988,G:Am:C:D:Em:Bm
Hysteria,Muse,Indie,Am,Advanced,2003,Am:G:F:E:Dm:C:Em:B
Plug In Baby,Muse,Indie,Em,Advanced,2001,Em:C:G:D:Am:B
Take It Easy,Eagles,Classic Rock,G,Beginner,1972,G:D:Am:C:Em
Desperado,Eagles,Classic Rock,G,Intermediate,1973,G:D:Em:Am:C:B7
The Joker,Steve Miller Band,Classic Rock,G,Beginner,1973,G:C:D
Long Train Runnin,The Doobie Brothers,Classic Rock,Gm,Intermediate,1973,Gm:C:F:Bb:Eb:D
China Grove,The Doobie Brothers,Classic Rock,G,Intermediate,1973,G:C:D:Em:A
Barracuda,Heart,Hard Rock,Em,Advanced,1977,Em:D:C:B:A:G
Crazy Little Thing Called Love,Queen,Classic Rock,D,Beginner,1979,D:G:C:E:A:Bb:F
Owner of a Lonely Heart,Yes,Classic Rock,Am,Intermediate,1983,Am:C:G:D:Bm:Em:F
Roundabout,Yes,Classic Rock,Em,Advanced,1971,Em:A:C:D:Bm:G:F#:B
Smoke on the Water,Deep Purple,Hard Rock,Gm,Beginner,1972,Gm:Bb:Db:C:Eb
Highway Star,Deep Purple,Hard Rock,Gm,Advanced,1972,Gm:F:Bb:Eb:D:Cm:Ab
The Sound of Silence,Simon and Garfunkel,Pop,Em,Beginner,1964,Em:D:C:G:Am
Mrs Robinson,Simon and Garfunkel,Pop,E,Beginner,1968,E:A:Am:B7:C:G:Em
Bridge Over Troubled Water,Simon and Garfunkel,Pop,Eb,Intermediate,1970,Eb:Bb:Ab:Fm:Db:Cm:G
Good Riddance Time of Your Life,Green Day,Indie,G,Beginner,1997,G:Cadd9:D:Em
Zombie,The Cranberries,Indie,Em,Intermediate,1994,Em:C:G:D
Losing My Religion,REM,Indie,Dm,Intermediate,1991,Dm:F:Am:C:G:Em
Drive,Incubus,Indie,E,Beginner,2000,E:B:C#m:A
All the Small Things,Blink 182,Pop,C,Beginner,1999,C:G:F:Bb
Iris,Goo Goo Dolls,Pop,B,Intermediate,1998,B:E:F#:G#m:A
Yesterday,The Beatles,Classic Rock,F,Beginner,1965,F:Em:Am:D:Bb:C:Dm:G
Shallow,Lady Gaga,Pop,G,Intermediate,2018,Em:D:G:A:C:Bm
Someone Like You,Adele,Pop,A,Beginner,2011,A:E:F#m:D
Thinking Out Loud,Ed Sheeran,Pop,D,Beginner,2014,D:G:A:Bm:Em
Perfect,Ed Sheeran,Pop,Ab,Beginner,2017,Ab:Bbm:Db:Eb:Fm:Gb
Stay With Me,Sam Smith,Pop,C,Beginner,2014,C:Am:F:G
Chandelier,Sia,Pop,Am,Intermediate,2014,Am:G:F:C:Em:Dm
Uptown Funk,Bruno Mars,R&B,Dm,Intermediate,2014,Dm:G:Bb:A:C:F
Just the Way You Are,Bruno Mars,Pop,F,Beginner,2010,F:Dm:Bb:C:Am:Gm
Locked Out of Heaven,Bruno Mars,Pop,Bm,Intermediate,2012,Bm:D:G:A:E:F#m
Happy,Pharrell Williams,Pop,F,Beginner,2013,F:Bb:C:Dm:Am:Gm
Get Lucky,Daft Punk,Pop,F#m,Intermediate,2013,F#m:A:Bm:D:E
Pompeii,Bastille,Indie,Eb,Beginner,2013,Eb:Bb:Gm:Cm:Ab:Fm
Little Talks,Of Monsters and Men,Indie,F,Beginner,2011,F:C:Am:Bb:Dm:Gm
Take Me to Church,Hozier,Indie,Am,Intermediate,2013,Am:F:C:G:Em:Dm:E
Budapest,George Ezra,Pop,C,Beginner,2014,C:F:G:Am:Em:Dm
Riptide,Vance Joy,Indie,C,Beginner,2013,Am:G:C:F
Human,The Killers,Indie,A,Beginner,2008,A:D:E:F#m:Bm:G
Somebody That I Used to Know,Gotye,Indie,Dm,Intermediate,2011,Dm:Bb:F:C:Am:Gm
Demons,Imagine Dragons,Indie,C,Beginner,2013,C:Am:F:G:Em:Dm
Thunder,Imagine Dragons,Indie,F#m,Beginner,2017,F#m:A:D:B:E:C#m
Believer,Imagine Dragons,Indie,Cm,Intermediate,2017,Cm:Bb:Ab:Eb:Fm:G
Stressed Out,Twenty One Pilots,Indie,D,Beginner,2015,D:G:A:Bm:F#m:Em:C
Heathens,Twenty One Pilots,Indie,Fm,Intermediate,2016,Fm:Db:Ab:Eb:Bb:Cm:Gb
Time After Time,Cyndi Lauper,Pop,C,Beginner,1984,C:G:Am:F:Em:Dm
Girls Just Want to Have Fun,Cyndi Lauper,Pop,F,Beginner,1983,F:Bb:C:Dm:Gm:Am
Come On Eileen,Dexys Midnight Runners,Pop,D,Beginner,1982,D:G:A:Bm:F#m:Em:C
Take On Me,A-ha,Pop,A,Beginner,1985,A:D:F#m:E:B:G
Wake Me Up Before You Go Go,Wham,Pop,G,Beginner,1984,G:C:D:Em:Am
Careless Whisper,George Michael,Pop,Dm,Intermediate,1984,Dm:Gm:Bb:C:Am:F:A
When Doves Cry,Prince,Pop,Am,Intermediate,1984,Am:Em:F:C:G:Dm
Sign of the Times,Harry Styles,Pop,F,Intermediate,2017,F:Bb:Am:Gm:C:Dm:Eb
As It Was,Harry Styles,Pop,A,Beginner,2022,A:F#m:D:E:Bm:G
Levitating,Dua Lipa,Pop,Bm,Beginner,2020,Bm:G:D:A:F#m:Em
Dont Start Now,Dua Lipa,Pop,F#m,Beginner,2019,F#m:Bm:E:A:D:C#m
Watermelon Sugar,Harry Styles,Pop,G,Beginner,2019,G:Am:C:D:Em:Bm
Anti-Hero,Taylor Swift,Pop,D,Beginner,2022,D:Bm:G:A:F#m:Em:C
Flowers,Miley Cyrus,Pop,C,Beginner,2023,C:Am:F:G:Dm:Em
Unholy,Sam Smith,Pop,Am,Intermediate,2022,Am:Dm:G:C:F:Em:E
Bad Habits,Ed Sheeran,Pop,F#,Intermediate,2021,F#:B:C#m:A:D:G#m:E
Peaches,Justin Bieber,Pop,E,Beginner,2021,E:A:B:C#m:G#m
Drivers License,Olivia Rodrigo,Pop,Db,Beginner,2021,Db:Ab:Bbm:Gb:Fm:Ebm
Good 4 U,Olivia Rodrigo,Pop,G#m,Intermediate,2021,G#m:C#m:E:B:F#:D#m:A
Heat Waves,Glass Animals,Indie,F#m,Beginner,2020,F#m:Bm:A:E:D:G#m:C#m
Running Up That Hill,Kate Bush,Pop,C,Intermediate,1985,C:Am:F:G:Em:Dm:Bb
Dont You Forget About Me,Simple Minds,Pop,G,Beginner,1985,G:Am:C:D:Em:Bm
Everybodys Changing,Keane,Indie,C,Beginner,2004,C:Am:F:G:Em:Dm
Somewhere Only We Know,Keane,Indie,A,Beginner,2004,A:E:F#m:D:Bm:G
This Is the Last Time,Keane,Indie,D,Beginner,2004,D:A:Bm:G:F#m:Em
Dakota,Stereophonics,Indie,D,Beginner,2005,D:A:Bm:G:Em:C
Have You Ever Seen the Rain,Creedence Clearwater Revival,Classic Rock,C,Beginner,1971,C:G:Am:F:Em:Dm
Lust for Life,Iggy Pop,Classic Rock,A,Intermediate,1977,A:D:E:G:Bm:F#m
Should I Stay or Should I Go,The Clash,Hard Rock,G,Beginner,1982,G:C:D:F
London Calling,The Clash,Hard Rock,Em,Intermediate,1979,Em:A:D:G:C:B
Rock Around the Clock,Bill Haley,Classic Rock,C,Beginner,1954,C:F:G7:C7
